{"train_loss": [313.29843986034393, 180.3784637451172], "val_loss": [45.8777471780777, 14.904577553272247], "train_acc": [0.15104166666666666, 0.5104166666666666], "val_acc": [0.5729166666666666, 0.8645833333333334]}